Id,Customer ID,Name,Age,Phone No.,Email Id,Credit card,Card Expiry,Address,Zip Code,City,State,Country,Year,Aadhar,Time
1,0DAC1DAC9,Tracy Collins,21-40,**********,TracyCollins@yahoo.com,**** **** ****,05/28,***** ***** ***** *****,786500,Saharsa,Himachal Pradesh,India,2011,416097535130,19:56:43
2,0BDE3BDE0,Jessica Castillo,21-40,**********,JessicaCastillo@gmail.com,**** **** ****,06/25,***** ***** ***** *****,234500,Bikaner,Chhattisgarh,India,2010,586848339691,19:21:36
3,1ACE0ACE4,Nancy Smith,21-40,**********,NancySmith@hotmail.com,**** **** ****,02/32,***** ***** ***** *****,234500,Jammu,Goa,India,2022,473008691411,20:47:03
4,7BBE1BBE0,James Chandler,21-40,**********,JamesChandler@hotmail.com,**** **** ****,04/25,***** ***** ***** *****,234500,Munger,Uttarakhand,India,2021,428071508421,18:07:07
5,4BFC7BFC8,Mr. Ryan Cox,21-40,**********,Mr.RyanCox@gmail.com,**** **** ****,11/29,***** ***** ***** *****,879600,Kishanganj,Punjab,India,2010,175470638123,05:04:10
6,4FBE9FBE0,Gabriel Cole,21-40,**********,GabrielCole@hotmail.com,**** **** ****,12/24,***** ***** ***** *****,394800,Ambarnath,Odisha,India,2010,376582369405,16:49:54
7,1BFB1BFB0,Deborah Mendoza,21-40,**********,DeborahMendoza@gmail.com,**** **** ****,11/27,***** ***** ***** *****,968500,Naihati,Uttarakhand,India,2015,771760452298,09:53:02
8,2AFE6AFE7,Vicki Lee,41-60,**********,VickiLee@hotmail.com,**** **** ****,04/24,***** ***** ***** *****,768500,Dhule,Rajasthan,India,2010,892137658217,13:15:11
9,3ABD6ABD8,Joseph Ponce,21-40,**********,JosephPonce@hotmail.com,**** **** ****,02/31,***** ***** ***** *****,809600,Bathinda,West Bengal,India,2012,275868809185,22:12:45
10,0CDC5CDC3,Evan Jones,21-40,**********,EvanJones@hotmail.com,**** **** ****,05/26,***** ***** ***** *****,394800,Saharanpur,Uttar Pradesh,India,2016,109767017204,20:00:16
11,2BFE4BFE2,Brian Mitchell,41-60,**********,BrianMitchell@yahoo.com,**** **** ****,07/25,***** ***** ***** *****,786500,Indore,Mizoram,India,2021,731886841261,15:04:23
12,2FBE2FBE3,Adrian Brown,41-60,**********,AdrianBrown@yahoo.com,**** **** ****,11/25,***** ***** ***** *****,530400,Mahbubnagar,Haryana,India,2012,871754203556,09:46:48
13,6ABE0ABE6,Jessica Aguirre,21-40,**********,JessicaAguirre@hotmail.com,**** **** ****,01/29,***** ***** ***** *****,202100,Gudivada,Maharashtra,India,2015,613758066062,12:08:44
14,3AEA4AEA0,Paul Gonzalez,0-20,**********,PaulGonzalez@hotmail.com,**** **** ****,12/29,***** ***** ***** *****,647900,Khandwa,Tamil Nadu,India,2018,573864014002,23:55:26
15,6CBE8CBE4,Natalie Watson,21-40,**********,NatalieWatson@hotmail.com,**** **** ****,04/29,***** ***** ***** *****,879600,Jamshedpur,Madhya Pradesh,India,2016,628457637781,14:46:51
16,1BAF0BAF1,Jeremy Robinson,41-60,**********,JeremyRobinson@hotmail.com,**** **** ****,02/24,***** ***** ***** *****,540400,Raebareli,Chhattisgarh,India,2017,785232756672,20:36:05
17,6AFE5AFE2,Dr. Jennifer Jones,21-40,**********,Dr.JenniferJones@hotmail.com,**** **** ****,03/32,***** ***** ***** *****,879600,Kalyan-Dombivli,Arunachal Pradesh,India,2010,950402163964,07:30:02
18,4ADB2ADB1,Andrew Harris,41-60,**********,AndrewHarris@yahoo.com,**** **** ****,08/26,***** ***** ***** *****,994800,Bangalore,Manipur,India,2018,306777111312,08:16:56
19,1CFA3CFA2,Lisa Butler,41-60,**********,LisaButler@gmail.com,**** **** ****,10/26,***** ***** ***** *****,607900,Kulti,Gujarat,India,2014,488601641951,06:51:27
20,3AFB0AFB4,Cory Shelton,21-40,**********,CoryShelton@gmail.com,**** **** ****,12/24,***** ***** ***** *****,530400,Noida,Telangana,India,2012,665992719088,02:39:09
21,0FEA5FEA9,Mr. Randy Porter PhD,21-40,**********,Mr.RandyPorterPhD@yahoo.com,**** **** ****,01/25,***** ***** ***** *****,540400,Nagercoil,Andhra Pradesh,India,2018,303003510565,17:45:55
22,3EDD1EDD3,Holly Johnson,21-40,**********,HollyJohnson@yahoo.com,**** **** ****,05/26,***** ***** ***** *****,540400,Purnia,West Bengal,India,2020,197299045603,17:17:22
23,8DEB8DEB4,Angela Hooper,41-60,**********,AngelaHooper@gmail.com,**** **** ****,11/22,***** ***** ***** *****,829600,Dhule,Bihar,India,2019,339852250903,14:40:55
24,3DCB8DCB0,Charles Dennis,21-40,**********,CharlesDennis@gmail.com,**** **** ****,03/32,***** ***** ***** *****,786500,Ahmedabad,Maharashtra,India,2022,948885536201,19:45:06
25,2ECA8ECA7,Joe Barton,41-60,**********,JoeBarton@gmail.com,**** **** ****,01/24,***** ***** ***** *****,355600,Junagadh,Tripura,India,2016,714070436668,11:50:13
26,9CAB3CAB8,Nicole Hall,21-40,**********,NicoleHall@hotmail.com,**** **** ****,01/29,***** ***** ***** *****,530400,Sasaram,Arunachal Pradesh,India,2012,227080862591,12:58:39
27,7EDE4EDE1,Julian Turner,21-40,**********,JulianTurner@yahoo.com,**** **** ****,06/30,***** ***** ***** *****,584500,Narasaraopet,Kerala,India,2019,156851250225,06:54:39
28,8EBA7EBA0,Pamela Johnson,41-60,**********,PamelaJohnson@yahoo.com,**** **** ****,06/24,***** ***** ***** *****,647900,North Dumdum,Manipur,India,2019,671086408117,19:11:00
29,5DEC4DEC9,Tim Hernandez,41-60,**********,TimHernandez@gmail.com,**** **** ****,02/25,***** ***** ***** *****,607900,Ujjain,Odisha,India,2010,322005800014,14:46:53
30,9CEA8CEA7,Miguel Haynes,21-40,**********,MiguelHaynes@gmail.com,**** **** ****,07/23,***** ***** ***** *****,530400,Patiala,Himachal Pradesh,India,2010,261802606663,13:28:23
31,5EAB2EAB4,William Williams,41-60,**********,WilliamWilliams@yahoo.com,**** **** ****,12/22,***** ***** ***** *****,786500,Bhubaneswar,Punjab,India,2016,306967116881,07:25:12
32,4FBF4FBF4,Todd Thornton,21-40,**********,ToddThornton@hotmail.com,**** **** ****,04/29,***** ***** ***** *****,407900,Kurnool,Punjab,India,2020,649261001576,19:31:04
33,9CAF3CAF3,Daniel Brown,21-40,**********,DanielBrown@hotmail.com,**** **** ****,09/28,***** ***** ***** *****,607900,Udupi,Bihar,India,2014,386742385241,19:57:49
34,8BCC7BCC3,Joseph Graham,21-40,**********,JosephGraham@hotmail.com,**** **** ****,11/31,***** ***** ***** *****,599500,Bijapur,Himachal Pradesh,India,2013,675851149632,20:12:24
35,1AAE6AAE2,April Wilson,21-40,**********,AprilWilson@gmail.com,**** **** ****,12/24,***** ***** ***** *****,355600,Pali,Manipur,India,2018,199368473583,01:40:04
36,2FEE3FEE4,Charles Henderson,21-40,**********,CharlesHenderson@yahoo.com,**** **** ****,09/25,***** ***** ***** *****,599500,Vijayanagaram,Madhya Pradesh,India,2018,663609409557,09:03:21
37,7EFD4EFD5,Christopher Snyder,0-20,**********,ChristopherSnyder@hotmail.com,**** **** ****,01/30,***** ***** ***** *****,786500,Muzaffarpur,Manipur,India,2014,476070867363,17:43:19
38,6EAD1EAD5,Tyler Davis,21-40,**********,TylerDavis@gmail.com,**** **** ****,12/28,***** ***** ***** *****,540400,Saharanpur,Rajasthan,India,2021,493970379589,18:51:05
39,9FBE1FBE0,Joseph Gregory,21-40,**********,JosephGregory@hotmail.com,**** **** ****,07/31,***** ***** ***** *****,234500,Haridwar,Odisha,India,2019,283028746883,17:57:43
40,0EDF9EDF2,Kara Santana,21-40,**********,KaraSantana@yahoo.com,**** **** ****,10/26,***** ***** ***** *****,234500,Hajipur,Meghalaya,India,2017,460169220163,03:43:43
41,1FEF3FEF8,Brian Anderson,41-60,**********,BrianAnderson@gmail.com,**** **** ****,11/31,***** ***** ***** *****,232500,Shivpuri,Arunachal Pradesh,India,2018,651832363972,03:45:28
42,3EDC4EDC9,Anna Fernandez,21-40,**********,AnnaFernandez@gmail.com,**** **** ****,03/28,***** ***** ***** *****,968500,Guntakal,Manipur,India,2015,643640004153,18:51:59
43,0FFE2FFE0,Anthony Mitchell,21-40,**********,AnthonyMitchell@hotmail.com,**** **** ****,09/23,***** ***** ***** *****,607900,Hajipur,Maharashtra,India,2012,474466702856,07:50:56
44,2DFB6DFB3,Angela Williams,21-40,**********,AngelaWilliams@yahoo.com,**** **** ****,03/25,***** ***** ***** *****,786500,Cuttack,West Bengal,India,2011,210367465643,21:35:22
45,5ABA5ABA2,Jamie Spencer,21-40,**********,JamieSpencer@gmail.com,**** **** ****,08/24,***** ***** ***** *****,232500,Barasat,Manipur,India,2012,445596696846,21:29:11
46,4CCA9CCA8,Catherine Turner,0-20,**********,CatherineTurner@yahoo.com,**** **** ****,11/26,***** ***** ***** *****,607900,Mirzapur,West Bengal,India,2016,496102098456,04:17:27
47,4CBD5CBD8,Andrew Tanner,21-40,**********,AndrewTanner@yahoo.com,**** **** ****,08/30,***** ***** ***** *****,540400,Anand,Himachal Pradesh,India,2019,397629621913,17:13:05
48,4AAA9AAA6,Alicia Clark,41-60,**********,AliciaClark@gmail.com,**** **** ****,09/24,***** ***** ***** *****,786500,Nashik,Punjab,India,2016,384668078288,16:58:37
49,3CEA3CEA4,Joshua Marshall,41-60,**********,JoshuaMarshall@gmail.com,**** **** ****,06/22,***** ***** ***** *****,768500,Nizamabad,Manipur,India,2015,878811576684,04:54:13
50,1FDF1FDF3,Holly Davis,21-40,**********,HollyDavis@gmail.com,**** **** ****,03/28,***** ***** ***** *****,345600,Ramgarh,Assam,India,2018,656938088100,22:57:24
51,9BFD6BFD7,Kyle Rivera,21-40,**********,KyleRivera@hotmail.com,**** **** ****,11/27,***** ***** ***** *****,968500,Sagar,Haryana,India,2013,638957395921,02:06:57
52,1CAF0CAF3,Andrew Lawrence,0-20,**********,AndrewLawrence@yahoo.com,**** **** ****,09/22,***** ***** ***** *****,599500,Chandrapur,Mizoram,India,2014,965601052495,14:46:50
53,5BBC8BBC8,Nicole Martin,21-40,**********,NicoleMartin@hotmail.com,**** **** ****,09/25,***** ***** ***** *****,647900,Bikaner,Haryana,India,2014,142943126235,07:18:12
54,7AED3AED0,Mathew Hernandez,21-40,**********,MathewHernandez@yahoo.com,**** **** ****,04/28,***** ***** ***** *****,345600,Baranagar,Nagaland,India,2016,526191827264,16:27:28
55,8EBF9EBF2,Natalie Snyder,21-40,**********,NatalieSnyder@yahoo.com,**** **** ****,03/29,***** ***** ***** *****,809600,Khora ,Madhya Pradesh,India,2016,383833713183,09:30:12
56,0CFA6CFA5,Christopher Orozco,0-20,**********,ChristopherOrozco@hotmail.com,**** **** ****,04/27,***** ***** ***** *****,202100,Uluberia,Punjab,India,2020,332630742853,02:39:24
57,1AFB3AFB7,Andre Roberts,41-60,**********,AndreRoberts@gmail.com,**** **** ****,12/25,***** ***** ***** *****,768500,Dewas,Tripura,India,2017,851173800919,10:02:18
58,1FFF6FFF3,Darlene Dalton,21-40,**********,DarleneDalton@gmail.com,**** **** ****,02/32,***** ***** ***** *****,726500,Rohtak,Rajasthan,India,2016,804331923834,15:33:50
59,4EDA5EDA9,James Davis,21-40,**********,JamesDavis@hotmail.com,**** **** ****,03/23,***** ***** ***** *****,786500,Nanded,Uttarakhand,India,2010,816437748626,11:08:21
60,5BEB6BEB4,Isabella Sullivan,21-40,**********,IsabellaSullivan@hotmail.com,**** **** ****,01/30,***** ***** ***** *****,234500,Jalandhar,Maharashtra,India,2010,192448185020,17:58:11
61,4CEE2CEE6,Amy Atkins,21-40,**********,AmyAtkins@gmail.com,**** **** ****,05/23,***** ***** ***** *****,768500,Rourkela,Manipur,India,2021,786011416348,22:14:15
62,8EAF8EAF3,Anthony Green,0-20,**********,AnthonyGreen@yahoo.com,**** **** ****,09/22,***** ***** ***** *****,968500,Jaunpur,Telangana,India,2018,836958207679,03:52:29
63,6FEB9FEB1,Justin Foster,21-40,**********,JustinFoster@hotmail.com,**** **** ****,06/23,***** ***** ***** *****,530400,Ichalkaranji,Meghalaya,India,2016,864726669947,07:13:42
64,7DEE4DEE9,Joseph Thompson,0-20,**********,JosephThompson@hotmail.com,**** **** ****,05/25,***** ***** ***** *****,768500,Katihar,Arunachal Pradesh,India,2012,521174446091,10:04:32
65,4DBB2DBB2,Michael Riley,21-40,**********,MichaelRiley@gmail.com,**** **** ****,04/32,***** ***** ***** *****,647900,Narasaraopet,Tripura,India,2021,931761177829,00:41:44
66,8BDD6BDD0,Mary Huynh,21-40,**********,MaryHuynh@gmail.com,**** **** ****,09/22,***** ***** ***** *****,968500,Unnao,Telangana,India,2018,844202553187,07:56:56
67,7BDA5BDA8,Kayla Johnston,41-60,**********,KaylaJohnston@hotmail.com,**** **** ****,06/22,***** ***** ***** *****,599500,Tirunelveli,Meghalaya,India,2013,764040092521,04:28:14
68,1BCB5BCB0,Rachel Stokes,0-20,**********,RachelStokes@hotmail.com,**** **** ****,08/29,***** ***** ***** *****,584500,Jehanabad,Andhra Pradesh,India,2015,712426486585,05:17:48
69,5DBB3DBB8,Arthur Wilkerson,21-40,**********,ArthurWilkerson@hotmail.com,**** **** ****,09/31,***** ***** ***** *****,305600,Medininagar,Kerala,India,2013,861312972750,16:54:22
70,3CBD0CBD5,Rachel Miller,21-40,**********,RachelMiller@gmail.com,**** **** ****,01/32,***** ***** ***** *****,407900,Barasat,Kerala,India,2012,650511914493,04:20:54
71,2BAE5BAE1,David Pearson,0-20,**********,DavidPearson@hotmail.com,**** **** ****,07/26,***** ***** ***** *****,358500,Jalandhar,Nagaland,India,2019,652152451165,17:05:08
72,0AEB9AEB0,Danielle Clark,41-60,**********,DanielleClark@gmail.com,**** **** ****,12/23,***** ***** ***** *****,345600,Sambhal,Goa,India,2019,645264221385,11:57:12
73,6BAB2BAB3,Joseph Gregory,41-60,**********,JosephGregory@hotmail.com,**** **** ****,08/31,***** ***** ***** *****,234500,Surat,Punjab,India,2021,843881472107,07:53:08
74,4DFA0DFA5,Kelsey Mcdaniel,21-40,**********,KelseyMcdaniel@yahoo.com,**** **** ****,03/26,***** ***** ***** *****,784500,Gurgaon,Gujarat,India,2016,393907062318,08:50:40
75,6EDC8EDC1,Laura Serrano,21-40,**********,LauraSerrano@hotmail.com,**** **** ****,08/25,***** ***** ***** *****,968500,Shivpuri,Bihar,India,2018,362108011929,01:05:18
76,0CAA3CAA4,Richard Jordan,21-40,**********,RichardJordan@gmail.com,**** **** ****,11/29,***** ***** ***** *****,407900,Raebareli,Haryana,India,2015,191517974363,18:27:05
77,1EFB8EFB5,Elizabeth Kelly,0-20,**********,ElizabethKelly@yahoo.com,**** **** ****,12/24,***** ***** ***** *****,879600,Indore,Jharkhand,India,2013,616878265282,09:09:56
78,2BFC2BFC3,Eric Christensen,21-40,**********,EricChristensen@yahoo.com,**** **** ****,12/25,***** ***** ***** *****,540400,Nagercoil,Telangana,India,2016,244926012661,15:49:13
79,3BAC8BAC8,Jessica Huffman,21-40,**********,JessicaHuffman@hotmail.com,**** **** ****,09/30,***** ***** ***** *****,232500,Udupi,Karnataka,India,2021,583940965150,04:59:55
80,2CCC9CCC1,Linda Osborne,0-20,**********,LindaOsborne@gmail.com,**** **** ****,01/29,***** ***** ***** *****,232500,Singrauli,Madhya Pradesh,India,2014,160568385936,19:59:52
81,2CFA4CFA1,Stephen Black,41-60,**********,StephenBlack@hotmail.com,**** **** ****,10/28,***** ***** ***** *****,394800,Mirzapur,Arunachal Pradesh,India,2020,338673918128,08:44:12
82,1DAF6DAF2,James Morris,41-60,**********,JamesMorris@hotmail.com,**** **** ****,02/24,***** ***** ***** *****,786500,Secunderabad,Jharkhand,India,2013,733336184250,17:03:49
83,2CFD4CFD3,Renee Meadows,41-60,**********,ReneeMeadows@yahoo.com,**** **** ****,11/26,***** ***** ***** *****,647900,Jaunpur,Madhya Pradesh,India,2018,394724061798,16:20:26
84,5CBC7CBC7,Gary Reynolds,21-40,**********,GaryReynolds@hotmail.com,**** **** ****,09/29,***** ***** ***** *****,202100,Kota,Mizoram,India,2015,218178974596,03:05:32
85,2DBA8DBA5,Carrie Mullins,21-40,**********,CarrieMullins@yahoo.com,**** **** ****,08/22,***** ***** ***** *****,784500,Satara,Andhra Pradesh,India,2017,412084353918,10:53:29
86,4CDD0CDD3,Lisa Pacheco,21-40,**********,LisaPacheco@yahoo.com,**** **** ****,12/30,***** ***** ***** *****,232500,Kalyan-Dombivli,Punjab,India,2019,999677609854,19:01:17
87,5BAE5BAE2,William Howard,0-20,**********,WilliamHoward@yahoo.com,**** **** ****,08/27,***** ***** ***** *****,968500,Proddatur,Gujarat,India,2019,900471807348,21:35:27
88,4FFE4FFE4,Shelby Frazier,21-40,**********,ShelbyFrazier@yahoo.com,**** **** ****,09/26,***** ***** ***** *****,786500,Karimnagar,West Bengal,India,2015,606524708843,04:35:19
89,0ABA0ABA1,Angela Hernandez,21-40,**********,AngelaHernandez@yahoo.com,**** **** ****,12/25,***** ***** ***** *****,234500,Vasai-Virar,Chhattisgarh,India,2010,546894157959,05:29:26
90,9DCB2DCB7,Donna Mills,0-20,**********,DonnaMills@gmail.com,**** **** ****,10/26,***** ***** ***** *****,234500,Kolkata,Arunachal Pradesh,India,2021,329592008299,07:06:00
91,7BDE0BDE6,Lawrence Lewis,21-40,**********,LawrenceLewis@gmail.com,**** **** ****,12/25,***** ***** ***** *****,809600,Tadepalligudem,Goa,India,2016,574726651528,04:25:15
92,0CBB5CBB8,Heather Frey,41-60,**********,HeatherFrey@yahoo.com,**** **** ****,09/25,***** ***** ***** *****,879600,Ghaziabad,Maharashtra,India,2016,704225189726,05:22:37
93,0EBD0EBD1,Natalie Drake,21-40,**********,NatalieDrake@yahoo.com,**** **** ****,02/32,***** ***** ***** *****,234500,Pudukkottai,Tamil Nadu,India,2012,496654247469,14:53:00
94,0CAC4CAC4,Kimberly Brown,0-20,**********,KimberlyBrown@hotmail.com,**** **** ****,02/27,***** ***** ***** *****,234500,Thanjavur,Tamil Nadu,India,2020,418800569752,18:35:13
95,0CDD7CDD4,Mary Perez,41-60,**********,MaryPerez@yahoo.com,**** **** ****,10/31,***** ***** ***** *****,358500,Jehanabad,Tamil Nadu,India,2020,763511243233,23:17:32
96,6AFF0AFF8,Felicia Foster,0-20,**********,FeliciaFoster@gmail.com,**** **** ****,12/27,***** ***** ***** *****,994800,Katni,Meghalaya,India,2012,932320907789,03:41:36
97,9CBD3CBD0,Kristin Mullins,41-60,**********,KristinMullins@gmail.com,**** **** ****,07/31,***** ***** ***** *****,239200,Farrukhabad,Manipur,India,2013,934950506097,02:07:08
98,6EAE0EAE7,Brian Velazquez,21-40,**********,BrianVelazquez@yahoo.com,**** **** ****,03/32,***** ***** ***** *****,358500,Begusarai,Haryana,India,2013,394630887138,09:13:29
99,8BCE7BCE1,Daniel Thompson,21-40,**********,DanielThompson@hotmail.com,**** **** ****,05/31,***** ***** ***** *****,394800,Mathura,West Bengal,India,2018,244655314437,10:22:16
100,9ADB5ADB0,Ashley Rivera,21-40,**********,AshleyRivera@yahoo.com,**** **** ****,02/25,***** ***** ***** *****,809600,Thane,Himachal Pradesh,India,2018,910298325622,13:30:52
